{
  "data_path": "E:\\coding\\IDS_APPAD\\Week2\\data_Pre-processing\\output\\normalize\\test_normalized.csv",
  "threshold": 0.5,
  "metrics": {
    "accuracy": 0.8767488341105929,
    "precision": 0.8943089430894309,
    "recall": 0.3900709219858156,
    "f1": 0.5432098765432098,
    "confusion_matrix": [
      [
        1206,
        13
      ],
      [
        172,
        110
      ]
    ]
  }
}