{
  "columns": [
    "User ID",
    "Session Duration",
    "Failed Attempts",
    "Behavioral Score",
    "Anomaly"
  ],
  "train_ratio": 0.7,
  "val_ratio": 0.15,
  "seed": 42,
  "input": "dataset\\synthetic_web_auth_logs.csv",
  "scaler": "StandardScaler",
  "mean": [
    496.0665809401343,
    290.1871261673597,
    0.09144163451921702,
    78.92810926636157,
    0.17902557508215458
  ],
  "scale": [
    286.8759340538348,
    308.64541410113515,
    0.5148845168680909,
    11.69103583565906,
    0.3833737322100439
  ],
  "var": [
    82297.80153926017,
    95261.9916456612,
    0.2651060657104874,
    136.6803189106643,
    0.14697541854865845
  ]
}