{
  "config": {
    "max_iter": 10,
    "threshold": 0.5,
    "use_class_weight": false,
    "feature_cols": [
      "User ID",
      "Session Duration",
      "Failed Attempts",
      "Behavioral Score"
    ],
    "target_col": "Anomaly"
  },
  "train_metrics": {
    "accuracy": 0.8771253036148021,
    "precision": 0.9051546391752577,
    "recall": 0.3503591380686353,
    "f1": 0.5051783659378596,
    "confusion_matrix": [
      [
        5700,
        46
      ],
      [
        814,
        439
      ]
    ]
  },
  "val_metrics": {
    "accuracy": 0.878,
    "precision": 0.9145299145299145,
    "recall": 0.3821428571428571,
    "f1": 0.5390428211586902,
    "confusion_matrix": [
      [
        1210,
        10
      ],
      [
        173,
        107
      ]
    ]
  },
  "test_metrics": {
    "accuracy": 0.8767488341105929,
    "precision": 0.8943089430894309,
    "recall": 0.3900709219858156,
    "f1": 0.5432098765432098,
    "confusion_matrix": [
      [
        1206,
        13
      ],
      [
        172,
        110
      ]
    ]
  }
}